"./verilog_tutorials_BB/project_18"," ",
"make execution time (sec)","PNR design speed (MHz)",
42,30.60,
42,28.58,
40,29.28,
40,30.99,
40,29.09,
41,28.91,
39,29.49,
41,30.41,
38,29.58,
38,29.35,
39,29.74,
39,30.46,
38,31.52,
38,28.87,
40,30.34,
37,29.37,
37,29.52,
39,29.88,
40,29.19,
39,30.60,
38,30.66,
40,30.37,
38,31.18,
36,27.62,
39,28.14,
39,29.59,
37,29.17,
38,30.30,
37,30.99,
36,29.78,
38,29.52,
38,27.92,
37,29.38,
38,29.11,
37,31.86,
39,31.14,
37,30.61,
38,28.76,
37,28.70,
38,28.58,
37,29.98,
35,31.18,
38,31.67,
37,29.98,
37,29.01,
37,28.17,
38,27.46,
38,30.17,
37,30.39,
37,32.37,
